<?xml version="1.0" encoding="utf-8"?><!DOCTYPE nta PUBLIC '-//Uppaal Team//DTD Flat System 1.1//EN' 'http://www.it.uu.se/research/group/darts/uppaal/flat-1_1.dtd'><nta><declaration>//This model is an adaptation by Frits Vaandrager of
//a model made by Martijn Hendriks

// Number of processes in system:
const int W = 2;
const int R = 4;
const int N = W+R;

// Number of semaphores:
const int M = 2;

// Names of the semaphores, ranging from 0 to M-1:
const int s0 = 0;
const int s1 = 1;

// The channels to synchronize with the semafores
// A call semWait(s) by process p translates to a sequence of two transitions labeled with
//      semWait(s)(p)!
//      semGo(s)(p)?
//A call semSignal(s) by process p translates to a transition labeled with
//     semSignal(s)(p)!
chan semWait[M][N], semGo[M][N], semSignal[M][N];

int read_count = 0;
</declaration><template><name>Semaphore</name><parameter>const int id,  const int queue_size, const int init_val</parameter><declaration>//The value of the semaphore
int count = init_val;
//The queue of the semaphore
//value -1 denotes an empty array entry
int[-1,N-1] queue[queue_size];
//An auxiliary variable used to temporarily store process id
meta int[0,N-1] q;

void initialize ()
{
  for (i : int[0,queue_size-1])
      {queue[i] = -1;}
}

void deQueue ()
{
  for (i : int[1,queue_size-1])
    queue[i-1] = queue[i];
  queue[queue_size-1] = -1;
}

void enQueue (int p)
{
  int i = 0;
  while (queue[i]&gt;=0){i++;};
  queue[i]=p;
}

int[0,N-1] headQueue ( )
{
  return queue[0];
}

bool fullQueue ( )
{
  for (i : int[0,queue_size-1])
   {
     if (queue[i]==-1) {return false;}
   }
  return true;
}</declaration><location id="id0" x="384" y="64"><committed/></location><location id="id1" x="608" y="320"><committed/></location><location id="id2" x="352" y="96"><name x="288" y="64">overflow</name></location><location id="id3" x="480" y="192"></location><init ref="id0"/><transition><source ref="id0"/><target ref="id3"/><label kind="assignment" x="408" y="72">initialize()</label></transition><transition><source ref="id3"/><target ref="id3"/><label kind="select" x="272" y="192">p:int[0,N-1]</label><label kind="guard" x="272" y="208">count&gt;=0</label><label kind="synchronisation" x="272" y="224">semSignal[id][p]?</label><label kind="assignment" x="272" y="240">count++</label><nail x="352" y="192"/><nail x="352" y="224"/></transition><transition><source ref="id3"/><target ref="id1"/><label kind="select" x="552" y="104">p:int[0,N-1]</label><label kind="guard" x="552" y="120">count&gt;0</label><label kind="synchronisation" x="552" y="136">semWait[id][p]?</label><label kind="assignment" x="552" y="152">count--,
q=p</label><nail x="608" y="192"/></transition><transition><source ref="id3"/><target ref="id2"/><label kind="select" x="248" y="112">p:int[0,N-1]</label><label kind="guard" x="248" y="128">count&lt;=0 &amp;&amp; fullQueue()</label><label kind="synchronisation" x="248" y="144">semWait[id][p]?</label></transition><transition><source ref="id1"/><target ref="id3"/><label kind="synchronisation" x="512" y="208">semGo[id][q]!</label></transition><transition><source ref="id3"/><target ref="id1"/><label kind="select" x="360" y="280">p:int[0,N-1]</label><label kind="guard" x="360" y="296">count&lt;0</label><label kind="synchronisation" x="360" y="312">semSignal[id][p]?</label><label kind="assignment" x="360" y="328">count++,
q=headQueue(),
deQueue()</label><nail x="480" y="320"/></transition><transition><source ref="id3"/><target ref="id3"/><label kind="select" x="480" y="-24">p:int[0,N-1]</label><label kind="guard" x="480" y="-8">count&lt;=0 &amp;&amp; not fullQueue()</label><label kind="synchronisation" x="480" y="8">semWait[id][p]?</label><label kind="assignment" x="480" y="24">count--,
enQueue(p)</label><nail x="480" y="64"/><nail x="512" y="64"/></transition></template><template><name x="5" y="5">Reader</name><parameter>const int pid</parameter><location id="id4" x="-1088" y="-432"></location><location id="id5" x="-1280" y="-576"></location><location id="id6" x="-1088" y="-576"></location><location id="id7" x="-872" y="-576"></location><location id="id8" x="-872" y="-440"></location><location id="id9" x="-872" y="-320"><name x="-848" y="-328">cs_reader</name></location><location id="id10" x="-728" y="-216"></location><location id="id11" x="-872" y="-216"></location><location id="id12" x="-608" y="-216"></location><location id="id13" x="-608" y="-88"></location><location id="id14" x="-1088" y="-88"></location><location id="id15" x="-872" y="-88"></location><location id="id16" x="-1088" y="-320"></location><init ref="id16"/><transition><source ref="id4"/><target ref="id16"/><label kind="synchronisation" x="-1224" y="-392">semSignal[s0][pid]!</label></transition><transition><source ref="id5"/><target ref="id4"/><label kind="synchronisation" x="-1296" y="-496">semSignal[s1][pid]!</label></transition><transition><source ref="id6"/><target ref="id4"/><label kind="guard" x="-1072" y="-512">read_count != 0</label></transition><transition><source ref="id6"/><target ref="id5"/><label kind="guard" x="-1224" y="-616">read_count == 0</label></transition><transition><source ref="id7"/><target ref="id6"/><label kind="assignment" x="-1016" y="-616">read_count--</label></transition><transition><source ref="id8"/><target ref="id7"/><label kind="synchronisation" x="-856" y="-512">semGo[s0][pid]?</label></transition><transition><source ref="id9"/><target ref="id8"/><label kind="synchronisation" x="-1008" y="-392">semWait[s0][pid]!</label></transition><transition><source ref="id11"/><target ref="id9"/><label kind="synchronisation" x="-1008" y="-280">semSignal[s0][pid]!</label></transition><transition><source ref="id10"/><target ref="id11"/><label kind="synchronisation" x="-848" y="-264">semGo[s1][pid]?</label></transition><transition><source ref="id12"/><target ref="id10"/><label kind="synchronisation" x="-720" y="-264">semWait[s1][pid]!</label></transition><transition><source ref="id13"/><target ref="id11"/><label kind="guard" x="-744" y="-176">read_count != 1</label></transition><transition><source ref="id13"/><target ref="id12"/><label kind="guard" x="-600" y="-168">read_count == 1</label></transition><transition><source ref="id15"/><target ref="id13"/><label kind="assignment" x="-784" y="-72">read_count++</label></transition><transition><source ref="id14"/><target ref="id15"/><label kind="synchronisation" x="-1032" y="-72">semGo[s0][pid]?</label></transition><transition><source ref="id16"/><target ref="id14"/><label kind="synchronisation" x="-1200" y="-216">semWait[s0][pid]!</label></transition></template><template><name>Writer</name><parameter>const int pid</parameter><location id="id17" x="-392" y="-304"><name x="-392" y="-336">cs_writer</name></location><location id="id18" x="-520" y="-168"></location><location id="id19" x="-520" y="-304"></location><init ref="id19"/><transition><source ref="id17"/><target ref="id19"/><label kind="synchronisation" x="-512" y="-344">semSignal[s1][pid]!</label></transition><transition><source ref="id18"/><target ref="id17"/><label kind="synchronisation" x="-440" y="-240">semGo[s1][pid]?</label></transition><transition><source ref="id19"/><target ref="id18"/><label kind="synchronisation" x="-640" y="-264">semWait[s1][pid]!</label></transition></template><system>A = Reader(0);
B = Reader(1);
C = Reader(2);
D = Reader(3);
Y = Writer(4);
Z = Writer(5);
rw_mutex = Semaphore(s1, N, 1);
mutex = Semaphore(s0, R, 1);
system
	A,
	B,
	C,
	D,
	Y,
	Z,
	rw_mutex,
	mutex;
</system></nta>